{"name":"Department","identifier":"DCAJRHXLUE","description":"type of department","slotTypeValues":[{"synonyms":null,"sampleValue":{"value":"Walkthrough"}},{"synonyms":null,"sampleValue":{"value":"Visit"}},{"synonyms":null,"sampleValue":{"value":"Billing"}},{"synonyms":null,"sampleValue":{"value":"Cancellation"}},{"synonyms":null,"sampleValue":{"value":"Setup"}},{"synonyms":null,"sampleValue":{"value":"New Service"}}],"parentSlotTypeSignature":null,"valueSelectionSetting":{"resolutionStrategy":"ORIGINAL_VALUE","regexFilter":null}}